{"total_usd": 0.598086, "calls": 317, "day": "2026-06-24", "day_usd": 0.598086, "by_kind": {"query_gen": 0.000933, "assess": 0.00888, "agent": 0.58612, "agent_fallback": 0.002154}}